{"project":"spikes-ahead","social_network":"kirk","subsystem":"palpatine","back_url":"m.localhost/?p=palpatine","game_description":"Play against the clock by eliminating the blocks before they reach the spikey ceiling. Match 2 blocks to remove them, and match 6 or more to get a bonus bomb!","game_title":"Spikes Ahead","banner_id":367,"locale":"us","first_page":"<div class='voyager-page' id='voyager-first-page'>\n<div id='voyager-page-header'>\n<a class='header-link' href='m.localhost/?p=palpatine'></a>\n<div id='voyager-header-icon'></div>\n</div>\n<div id='voyager-page-body'>\n<div class='voyager-section voyager-bg-gradient'>\n<div class='voyager-wrapper'>\n<div id='voyager-game-container-1'>\n<div id='voyager-game-image'>\n<div class='rotated-image'>\n<img height='60px' src='//d1bjj4kazoovdg.cloudfront.net/assets/games/spikes-ahead/small_icon.jpg' width='60px'>\n</div>\n</div>\n<div id='voyager-game-info'>\n<div class='voyager-game-title' id='voyager-game-title'>\nSpikes Ahead\n</div>\n<div class='voyager-game-stars-container'>\n<div class=\"star-on\"></div><div class=\"star-on\"></div><div class=\"star-on\"></div><div class=\"star-on\"></div><div class=\"star-off\"></div>\n<div class='voyager-game-votes'>\n(52)\n</div>\n</div>\n\n</div>\n<div id='voyager-game-play-btn'>\n<a class='voyager-success-btn'>\nPlay\n</a>\n</div>\n</div>\n<div id='voyager-game-container-2'>\nPlay against the clock by eliminating the blocks before they reach the spikey ceiling. Match 2 blocks to remove them, and match 6 or more to get a bonus bomb!\n</div>\n<div id='voyager-game-promo-text'>\n\n</div>\n</div>\n</div>\n<div class='voyager-section voyager-bg-stripes'>\n<div class='voyager-wrapper'>\n<div id='voyager-ad-container'>\nAdvertisement\n<div id='voyager-ad-content'></div>\n</div>\n</div>\n</div>\n<div class='voyager-section voyager-bg-gradient'>\n<div class='voyager-wrapper'>\n<div id='voyager-game-container-3'>\n...\n</div>\n<div id='voyager-game-container-4'>\n<div id='voyager-game-description-extra'>\n<div class='game_details'>\n<span class='bold'>Updated: </span>\n<span class='details' id='game_updated'>2014-06-05</span>\n<br>\n<span class='bold'>Language: </span>\n<span class='details' id='game_languages'>deutsch, english, fran\u00e7ais, italiano, portugu\u00eas, \u0420\u0443\u0441\u0441\u043a\u0438\u0439 \u044f\u0437\u044b\u043a, T\u00fcrk\u00e7e</span>\n<br>\n<span class='bold'>Keywords: </span>\n<span class='details' id='keywords'>\n</span>\n</div>\n\n</div>\n<div id='voyager-game-play-btn-2'>\n<a class='voyager-success-btn'>\nPlay\n</a>\n</div>\n</div>\n<div id='voyager-game-container-5'>\n<div class='voyager-game-stars-container'>\n<div class=\"star-on\"></div><div class=\"star-on\"></div><div class=\"star-on\"></div><div class=\"star-on\"></div><div class=\"star-off\"></div>\n<div class='voyager-game-votes'>\n(52)\n</div>\n</div>\n<span>\n52 Votes\n</span>\n</div>\n<div id='voyager-game-container-6'>\n<div id='voyager-game-images-gallery'>\n<div class='spacer10 gallery_wrapper' id='game_screens_gallery_wrapper'>\n<div class='gallery_scroller' id='game_screens_gallery_scroller'>\n<ul>\n<li>\n<img alt=\"Gal_01\" class=\"gallery_image lazy\" height=\"320\" src=\"//d1bjj4kazoovdg.cloudfront.net/assets/games/spikes-ahead/gal_01.jpg\" width=\"240\" />\n</li>\n</ul>\n</div>\n</div>\n\n</div>\n</div>\n</div>\n</div>\n</div>\n<div id='voyager-page-footer'>\n<div id='voyager-footer-container-1'>\n<a href='http://m.localhost/terms'>\nTerms\n</a>\n<span class='voyager-ad-container-game-footer-splitter'>\n&nbsp;|&nbsp;\n</span>\n<a href='http://m.localhost/imprint'>\nImprint\n</a>\n</div>\n<div id='voyager-footer-container-2'>\n<a href='http://www.localhost'>\n&copy; SOFTGAMES GmbH. Made in Berlin\n</a>\n</div>\n</div>\n</div>\n","ingame_ad_popup":"<div class='voyager-popup' id='voyager-ad-popup'>\n<div id='voyager-close-popup-container'>\n<a class='voyager-close-button voyager-circle-btn icon-cancel-circled-outline' id='voyager-close-popup-btn'></a>\n</div>\n<div id='voyager-ad-container'>\n<div id='voyager-ad-content'></div>\n</div>\n</div>\n","ingame_menu":"<div class='cbp-spmenu cbp-spmenu-left voyager-menu-container cbp-spmenu' id='voyager-menu-container'>\n<div class='cbp-spmenu-vertical voyager-menu' id='voyager-menu'>\n\n</div>\n<div class='voyager-menu-button-container' id='voyager-menu-button-container'>\n<a class='voyager-menu-button' href='' id='voyager-menu-button'></a>\n</div>\n</div>\n","ingame_header":"<div class=\"voyager-ingame-header\"></div>","ingame_footer":"<div class=\"voyager-ingame-footer\"></div>","loading_page":"<div class='voyager-popup'>\n<div id='voyager-loading-page'>\n<div id='voyager-loading-spinner'></div>\n</div>\n</div>\n","end_level_popup":"<div class='voyager-popup'>\n<div id='voyager-endlevel-popup'>\n<a class='voyager-close-button voyager-circle-btn icon-cancel-circled-outline' id='voyager-close-button'></a>\n<div id='voyager-current-game-container'>\n<img class='voyager-game-image' src='//d1bjj4kazoovdg.cloudfront.net/assets/games/spikes-ahead/teaser.jpg'>\n<div id='voyager-current-game-play-btn'>\n<a class='voyager-success-btn' id='voyager-more-games-btn'>\nplay more\n</a>\n</div>\n</div>\n<div id='voyager-game-social-container'>\n<div class='voyager-bg-gradient voyager-section-title' id='voyager-share-container'>\n<span>\nVote\n</span>\n</div>\n<div id='voyager-like-container'>\n<div id='voyager-rating-info-container'>\nGame is already rated\n</div>\n<div id='voyager-like-btn-container'>\n<a class='voyager-dislike-btn icon-thumbs-down' id='voyager-dislike-btn'></a>\n<a class='voyager-like-btn icon-thumbs-up' id='voyager-like-btn'></a>\n</div>\n<div id='voyager-like-info-container'>\nThank you for your vote!\n</div>\n</div>\n<div id='voyager-whatsapp-container'>\n<a class='voyager-whatsapp-btn'>\nWhatsapp\n</a>\n</div>\n</div>\n</div>\n</div>\n","more_games_page_a":"<div class='voyager-page' id='voyager-moregames-page'>\n<div id='voyager-page-header'>\n<a class='header-link' href='m.localhost/?p=palpatine'></a>\n<div id='voyager-header-icon'></div>\n</div>\n<div id='voyager-page-body'>\n<div class='voyager-wrapper'>\n<div class='voyager-section-title voyager-bg-gradient' id='voyager-similar-title'>\nSimilar games\n</div>\n<div class='voyager-similar-game voyager-bg-gradient'>\n<div class='rotated-image'>\n<img height='60px' src='//d1bjj4kazoovdg.cloudfront.net/assets/games/twins-family/small_icon.jpg' width='60px'>\n</div>\n<a class='voyager-game-info-container' href='http://games.localhost/twins-family/?p=palpatine'>\n<div class='voyager-game-name voyager-game-title'>\nTwins Family\n</div>\n<div class='voyager-game-stars-container'>\n<div class=\"star-on\"></div><div class=\"star-on\"></div><div class=\"star-on\"></div><div class=\"star-on\"></div><div class=\"star-off\"></div>\n</div>\n<div class='voyager-game-description'>\nThe twins in this fascinating puzzle game share a very special connection...\n</div>\n</a>\n</div>\n<div class='voyager-similar-game voyager-bg-gradient'>\n<div class='rotated-image'>\n<img height='60px' src='//d1bjj4kazoovdg.cloudfront.net/assets/games/sweet-garden/small_icon.jpg' width='60px'>\n</div>\n<a class='voyager-game-info-container' href='http://games.localhost/sweet-garden/?p=palpatine'>\n<div class='voyager-game-name voyager-game-title'>\nSweet Garden\n</div>\n<div class='voyager-game-stars-container'>\n<div class=\"star-on\"></div><div class=\"star-on\"></div><div class=\"star-on\"></div><div class=\"star-on\"></div><div class=\"star-off\"></div>\n</div>\n<div class='voyager-game-description'>\n Try to create a chain reaction that pops all of the flowers But be careful, as you only have a few clicks available to clear the level, so dont wa...\n</div>\n</a>\n</div>\n<div class='voyager-similar-game voyager-bg-gradient'>\n<div class='rotated-image'>\n<img height='60px' src='//d1bjj4kazoovdg.cloudfront.net/assets/games/candy-rush/small_icon.jpg' width='60px'>\n</div>\n<a class='voyager-game-info-container' href='http://games.localhost/candy-rush/?p=palpatine'>\n<div class='voyager-game-name voyager-game-title'>\nCandy Rush\n</div>\n<div class='voyager-game-stars-container'>\n<div class=\"star-on\"></div><div class=\"star-on\"></div><div class=\"star-on\"></div><div class=\"star-on\"></div><div class=\"star-off\"></div>\n</div>\n<div class='voyager-game-description'>\nCrush the delicious candy! A new type of Match-3 saga game to break your mind! Compete against the clock and collect points while matching your fav...\n</div>\n</a>\n</div>\n<div class='voyager-bg-stripes' id='voyager-ad-container'>\n<div id='voyager-ad-label'>\nAdvertisement\n</div>\n<div id='voyager-ad-content'></div>\n</div>\n<div class='voyager-section-title voyager-bg-gradient' id='voyager-recent-title'>\nRecently played\n</div>\n<div id='voyager-current-game-container'>\n<img class='voyager-game-image' src='//d1bjj4kazoovdg.cloudfront.net/assets/games/spikes-ahead/teaser.jpg'>\n<div id='voyager-current-game-play-btn'>\n<a class='voyager-success-btn' id='voyager-play-again-btn'>\nplay again\n</a>\n</div>\n</div>\n<div class='voyager-bg-gradient voyager-section-title' id='voyager-share-container'>\n<span>\nShare\n</span>\n\n</div>\n<div id='voyager-game-status-container'>\n<div id='voyager-game-ranking-container'>\n<div id='voyager-ranking-title'>\nranking\n</div>\n<div id='voyager-ranking-value'>\nxxx\n</div>\n</div>\n<div id='voyager-game-score-container'>\n<div id='voyager-score-title'>\nscore\n</div>\n<div id='voyager-score-value'>\nxxx\n</div>\n</div>\n<div id='voyager-game-best-score-container'>\n<div id='voyager-best-score-title'>\nbest\n</div>\n<div id='voyager-best-score-value'>\n84603\n</div>\n</div>\n</div>\n</div>\n</div>\n<div id='voyager-page-footer'>\n<div id='voyager-footer-container-1'>\n<a href='http://m.localhost/terms'>\nTerms\n</a>\n<span class='voyager-ad-container-game-footer-splitter'>\n&nbsp;|&nbsp;\n</span>\n<a href='http://m.localhost/imprint'>\nImprint\n</a>\n</div>\n<div id='voyager-footer-container-2'>\n<a href='http://www.localhost'>\n&copy; SOFTGAMES GmbH. Made in Berlin\n</a>\n</div>\n</div>\n</div>\n","more_games_page_b":"<div class='voyager-page' id='voyager-moregames-page'>\n<div id='voyager-page-header'>\n<a class='header-link' href='m.localhost/?p=palpatine'></a>\n<div id='voyager-header-icon'></div>\n</div>\n<div id='voyager-page-body'>\n<div class='voyager-wrappe'>\n<div class='voyager-section-title voyager-bg-gradient' id='voyager-recent-title'>\nRecently played\n</div>\n<div id='voyager-current-game-container'>\n<img class='voyager-game-image' src='//d1bjj4kazoovdg.cloudfront.net/assets/games/spikes-ahead/teaser.jpg'>\n<div id='voyager-current-game-play-btn'>\n<a class='voyager-success-btn-gray' id='voyager-play-again-btn'>\nplay again\n</a>\n</div>\n</div>\n<div class='voyager-bg-gradient voyager-section-title' id='voyager-share-container'>\n<span>\nShare\n</span>\n\n</div>\n<div id='voyager-game-status-container'>\n<div id='voyager-game-ranking-container'>\n<div id='voyager-ranking-title'>\nranking\n</div>\n<div id='voyager-ranking-value'>\nxxx\n</div>\n</div>\n<div id='voyager-game-score-container'>\n<div id='voyager-score-title'>\nscore\n</div>\n<div id='voyager-score-value'>\nxxx\n</div>\n</div>\n<div id='voyager-game-best-score-container'>\n<div id='voyager-best-score-title'>\nbest\n</div>\n<div id='voyager-best-score-value'>\n84603\n</div>\n</div>\n</div>\n<div class='voyager-bg-stripes' id='voyager-ad-container'>\n<div id='voyager-ad-label'>\nAdvertisement\n</div>\n<div id='voyager-ad-content'></div>\n</div>\n<div class='voyager-section-title voyager-bg-gradient' id='voyager-similar-title'>\nSimilar games\n</div>\n<div class='voyager-similar-game voyager-bg-gradient'>\n<div class='rotated-image'>\n<img height='60px' src='//d1bjj4kazoovdg.cloudfront.net/assets/games/twins-family/small_icon.jpg' width='60px'>\n</div>\n<a class='voyager-game-info-container' href='http://games.localhost/twins-family/?p=palpatine'>\n<div class='voyager-game-name voyager-game-title'>\nTwins Family\n</div>\n<div class='voyager-game-stars-container'>\n<div class=\"star-on\"></div><div class=\"star-on\"></div><div class=\"star-on\"></div><div class=\"star-on\"></div><div class=\"star-off\"></div>\n</div>\n<div class='voyager-game-description'>\nThe twins in this fascinating puzzle game share a very special connection...\n</div>\n</a>\n</div>\n<div class='voyager-similar-game voyager-bg-gradient'>\n<div class='rotated-image'>\n<img height='60px' src='//d1bjj4kazoovdg.cloudfront.net/assets/games/sweet-garden/small_icon.jpg' width='60px'>\n</div>\n<a class='voyager-game-info-container' href='http://games.localhost/sweet-garden/?p=palpatine'>\n<div class='voyager-game-name voyager-game-title'>\nSweet Garden\n</div>\n<div class='voyager-game-stars-container'>\n<div class=\"star-on\"></div><div class=\"star-on\"></div><div class=\"star-on\"></div><div class=\"star-on\"></div><div class=\"star-off\"></div>\n</div>\n<div class='voyager-game-description'>\n Try to create a chain reaction that pops all of the flowers But be careful, as you only have a few clicks available to clear the level, so dont wa...\n</div>\n</a>\n</div>\n<div class='voyager-similar-game voyager-bg-gradient'>\n<div class='rotated-image'>\n<img height='60px' src='//d1bjj4kazoovdg.cloudfront.net/assets/games/candy-rush/small_icon.jpg' width='60px'>\n</div>\n<a class='voyager-game-info-container' href='http://games.localhost/candy-rush/?p=palpatine'>\n<div class='voyager-game-name voyager-game-title'>\nCandy Rush\n</div>\n<div class='voyager-game-stars-container'>\n<div class=\"star-on\"></div><div class=\"star-on\"></div><div class=\"star-on\"></div><div class=\"star-on\"></div><div class=\"star-off\"></div>\n</div>\n<div class='voyager-game-description'>\nCrush the delicious candy! A new type of Match-3 saga game to break your mind! Compete against the clock and collect points while matching your fav...\n</div>\n</a>\n</div>\n</div>\n</div>\n<div id='voyager-page-footer'>\n<div id='voyager-footer-container-1'>\n<a href='http://m.localhost/terms'>\nTerms\n</a>\n<span class='voyager-ad-container-game-footer-splitter'>\n&nbsp;|&nbsp;\n</span>\n<a href='http://m.localhost/imprint'>\nImprint\n</a>\n</div>\n<div id='voyager-footer-container-2'>\n<a href='http://www.localhost'>\n&copy; SOFTGAMES GmbH. Made in Berlin\n</a>\n</div>\n</div>\n</div>\n","game_bubble_text":"Install Spikes Ahead! Tap %icon and then <strong>Add to Home Screen</strong>.","game_bubble_configs":[""],"skip_ads":true,"show_ad_page":"false","show_ad_preroll":"false","end_level_interval":1,"end_level_close_button_timer":5}